<?xml version="1.0" encoding="UTF-8"?>
<project-private xmlns="http://www.netbeans.org/ns/project-private/1">
    <editor-bookmarks xmlns="http://www.netbeans.org/ns/editor-bookmarks/2" lastBookmarkId="0"/>
    <open-files xmlns="http://www.netbeans.org/ns/projectui-open-files/2">
        <group>
            <file>file:/C:/Users/asus/Documents/NetBeansProjects/practical_5/src/java/serv2.java</file>
            <file>file:/C:/Users/asus/Documents/NetBeansProjects/practical_5/src/java/conn.java</file>
            <file>file:/C:/Users/asus/Documents/NetBeansProjects/practical_5/web/login.html</file>
            <file>file:/C:/Users/asus/Documents/NetBeansProjects/practical_5/web/welcome.html</file>
            <file>file:/C:/Users/asus/Documents/NetBeansProjects/practical_5/web/WEB-INF/web.xml</file>
            <file>file:/C:/Users/asus/Documents/NetBeansProjects/practical_5/src/java/serv1.java</file>
            <file>file:/C:/Users/asus/Documents/NetBeansProjects/practical_5/web/index.jsp</file>
            <file>file:/C:/Users/asus/Documents/NetBeansProjects/practical_5/web/signup.html</file>
        </group>
    </open-files>
</project-private>
