<?xml version="1.0" encoding="UTF-8"?>
<project-private xmlns="http://www.netbeans.org/ns/project-private/1">
    <editor-bookmarks xmlns="http://www.netbeans.org/ns/editor-bookmarks/2" lastBookmarkId="0"/>
    <open-files xmlns="http://www.netbeans.org/ns/projectui-open-files/2">
        <group>
            <file>file:/D:/SEM-6/Advance_Java/JAVA_LAB/WebApplication1/src/java/DemoServlet2.java</file>
            <file>file:/D:/SEM-6/Advance_Java/JAVA_LAB/WebApplication1/web/WEB-INF/web.xml</file>
            <file>file:/D:/SEM-6/Advance_Java/JAVA_LAB/WebApplication1/web/login.html</file>
            <file>file:/D:/SEM-6/Advance_Java/JAVA_LAB/WebApplication1/web/Signup.html</file>
            <file>file:/D:/SEM-6/Advance_Java/JAVA_LAB/WebApplication1/web/Welcome.html</file>
            <file>file:/D:/SEM-6/Advance_Java/JAVA_LAB/WebApplication1/web/index.html</file>
            <file>file:/D:/SEM-6/Advance_Java/JAVA_LAB/WebApplication1/src/java/DemoServlet1.java</file>
        </group>
    </open-files>
</project-private>
